TEST �������, �������, �������, ������������, ��������, ����������, �������, �����. ��, ������. ��, ����1, ����2, ����������, �������, ��.���, ��.���, ������, ������15,Р›РµРІР°СЏ,34022-15001С…1,3,РђСЂРјРёСЂРѕРІР°РЅРёРµ СЂР°РјС‹ Рё СЃС‚РІРѕСЂРєРё Wintech/1.3,1005,1005,1005,1190,00,090,0090,0011190.010.0
16,РЎРћРЎРў,РЎР°РјРѕСЂ.3,9С…16 СЃ/СЃРІ,РЎР°РјРѕСЂРµР· 3,9С…16 СЃ Р±СѓСЂРѕРј,1005,1005,1005,0,00,00,000,0060.030.0
2,Р›РµРІР°СЏ,907.07,Р Р°РјР° РѕРєРѕРЅРЅР°СЏ 63 РјРј,1009,10009,1009,1306,063,045,0045,0011306.010.0
17,РЎРћРЎРў,РЎР°РјРѕСЂ.4,2С…25,РЎР°РјРѕСЂРµР· СЃ РїСЂРµСЃСЃС€Р°Р№Р±РѕР№ 4,2С…25,1005,1005,1005,0,00,00,000,0040.030.0
18,РЎРћРЎРў,Р›РµРЅС‚Р°-СЃС‚СЂРѕРїР° РґР»СЏ СЂСѓС‡РµРє,РЎС‚СЂРѕРїР° РґР»СЏ СЂСѓС‡РµРє,4049,4049,4049,1000,00,090,0090,0011000.010.0
19,РЎРћРЎРў,Р­С‚РёРєРµС‚РєР° С€С‚СЂРёС…РєРѕРґ,Р­РўР�РљР•РўРљРђ РџРћР›Р�РџР РћРџР�Р›Р•РќРћР’РђРЇ 100 С… 24 РјРј,1005,1005,1005,0,00,00,000,0020.030.0
20,РџСЂР°РІР°СЏ,34022-15001С…1,3,РђСЂРјРёСЂРѕРІР°РЅРёРµ СЂР°РјС‹ Рё СЃС‚РІРѕСЂРєРё Wintech/1.3,1005,1005,1005,1190,00,090,0090,0011190.010.0
21,РЎРћРЎРў,РЎР°РјРѕСЂ.3,9С…16 СЃ/СЃРІ,РЎР°РјРѕСЂРµР· 3,9С…16 СЃ Р±СѓСЂРѕРј,1005,1005,1005,0,00,00,000,0060.030.0
3,РџСЂР°РІР°СЏ,907.07,Р Р°РјР° РѕРєРѕРЅРЅР°СЏ 63 РјРј,1009,10009,1009,1306,063,045,0045,0011306.010.0
22,Р’РµСЂС…РЅСЏСЏ,34022-15001С…1,3,РђСЂРјРёСЂРѕРІР°РЅРёРµ СЂР°РјС‹ Рё СЃС‚РІРѕСЂРєРё Wintech/1.3,1005,1005,1005,790,00,090,0090,001790.010.0
23,РЎРћРЎРў,РЎР°РјРѕСЂ.3,9С…16 СЃ/СЃРІ,РЎР°РјРѕСЂРµР· 3,9С…16 СЃ Р±СѓСЂРѕРј,1005,1005,1005,0,00,00,000,0040.030.0
4,Р’РµСЂС…РЅСЏСЏ,907.07,Р Р°РјР° РѕРєРѕРЅРЅР°СЏ 63 РјРј,1009,10009,1009,906,063,045,0045,001906.010.0
24,РЎРћРЎРў,195,Р—Р°РіР»СѓС€РєР° РґСЂРµРЅР°Р¶РЅРѕРіРѕ РїР°Р·Р°,1009,1009,1009,0,00,00,000,0020.030.0
25,РЎРћРЎРў,РўРёР»РёС‚ 64/9,Р�Р·РѕР»СЏС†РёРѕРЅРЅР°СЏ С‚СЂСѓР±Р° 0,25 РјРї + СЃС‚СЂРµРЅС‡,1005,1005,1005,700,00,00,000,001700.010.0
26,РЎРћРЎРў,РЎР°РјРѕСЂРµР· 4,2С…51,РЎР°РјРѕСЂРµР· 4,2С…51,1005,1005,1005,0,00,00,000,0020.030.0
27,РЎРћРЎРў,343/K,РџРѕРґСЃС‚Р°РІРѕС‡РЅС‹Р№ РїСЂРѕС„РёР»СЊ 30РјРј СЃ РєСЂС‹Р»РѕРј,1009,1009,1009,901,00,090,0090,001901.010.0
28,РЎРћРЎРў,Р’РёР»Р°С‚РµСЂРј-РїРѕР»РёРјРµСЂРЅС‹Р№,Р’РёР»Р°С‚РµСЂРј-РїРѕР»РёРјРµСЂРЅС‹Р№,1009,1009,1009,1006,00,090,0090,0011006.010.0
29,РќРёР¶РЅСЏСЏ,34022-15001С…1,3,РђСЂРјРёСЂРѕРІР°РЅРёРµ СЂР°РјС‹ Рё СЃС‚РІРѕСЂРєРё Wintech/1.3,1005,1005,1005,790,00,090,0090,001790.010.0
30,РЎРћРЎРў,РЎР°РјРѕСЂ.3,9С…16 СЃ/СЃРІ,РЎР°РјРѕСЂРµР· 3,9С…16 СЃ Р±СѓСЂРѕРј,1005,1005,1005,0,00,00,000,0040.030.0
5,РќРёР¶РЅСЏСЏ,907.07,Р Р°РјР° РѕРєРѕРЅРЅР°СЏ 63 РјРј,1009,10009,1009,906,063,045,0045,001906.010.0
15,Р›РµРІР°СЏ,34022-15001С…1,3,РђСЂРјРёСЂРѕРІР°РЅРёРµ СЂР°РјС‹ Рё СЃС‚РІРѕСЂРєРё Wintech/1.3,1005,1005,1005,1092,00,090,0090,0011092.010.0
16,РЎРћРЎРў,РЎР°РјРѕСЂ.3,9С…16 СЃ/СЃРІ,РЎР°РјРѕСЂРµР· 3,9С…16 СЃ Р±СѓСЂРѕРј,1005,1005,1005,0,00,00,000,0060.030.0
27,РЎРћР•Р”,228,РЈРїР»РѕС‚РЅРµРЅРёРµ РїСЂРёС‚РІРѕСЂРЅРѕРµ,6,6,6,2419,20,090,0090,0012419.160210.0
11,Р›РµРІР°СЏ,@917,РЎС‚РІРѕСЂРєР° СЃ СѓРїР»РѕС‚РЅРµРЅРёРµРј,1009,10009,1009,1236,077,045,0045,0011236.010.0
17,РЎРћРЎРў,Р­С‚РёРєРµС‚РєР° С€С‚СЂРёС…РєРѕРґ,Р­РўР�РљР•РўРљРђ РџРћР›Р�РџР РћРџР�Р›Р•РќРћР’РђРЇ 100 С… 24 РјРј,1005,1005,1005,0,00,00,000,0020.030.0
18,РџСЂР°РІР°СЏ,34022-15001С…1,3,РђСЂРјРёСЂРѕРІР°РЅРёРµ СЂР°РјС‹ Рё СЃС‚РІРѕСЂРєРё Wintech/1.3,1005,1005,1005,1092,00,090,0090,0011092.010.0
19,РЎРћРЎРў,РЎР°РјРѕСЂ.3,9С…16 СЃ/СЃРІ,РЎР°РјРѕСЂРµР· 3,9С…16 СЃ Р±СѓСЂРѕРј,1005,1005,1005,0,00,00,000,0060.030.0
28,РЎРћР•Р”,228,РЈРїР»РѕС‚РЅРµРЅРёРµ РїСЂРёС‚РІРѕСЂРЅРѕРµ,6,6,6,2419,20,090,0090,0012419.160210.0
29,FURN,РЎР°РјРѕСЂРµР· 4С…40,РЎР°РјРѕСЂРµР· 4С…40,1005,1005,1005,0,00,00,000,0060.030.0
30,FURN,230426,Р”Р•Рљ.РќРђРљР›.РќР�Р–.РџР•Рў.Р РђРњР« (Р‘Р•Р›РђРЇ) Р’РљР›РђР”Р«РЁ,1009,1009,1009,0,00,00,000,0010.030.0
31,FURN,230491,Р”Р•Рљ.РќРђРљР›.РќР�Р–.РџР•Рў.РќРђ РЎРўР’РћР РљР• (Р‘Р•Р›РђРЇ),1009,1009,1009,0,00,00,000,0010.030.0
32,FURN,258590,РџР•РўР›РЇ РќРђ Р РђРњР• РќР�Р–РќРЇРЇ Рљ 3/100,1005,1005,1005,0,00,00,000,0010.030.0
33,FURN,258926,Р”Р•Рљ.РќРђРљР›.РќР�Р–.РџР•Рў.Р РђРњР« (Р‘Р•Р›РђРЇ) 100 РљР“.,1009,1009,1009,0,00,00,000,0010.030.0
34,FURN,230343,РџР•РўР›РЇ РќРђ РЎРўР’РћР РљР• РќР�Р–РќРЇРЇ Рљ 3/100,1005,1005,1005,0,00,00,000,0010.030.0
35,FURN,230177,РџР•РўР›РЇ РќРђ Р РђРњР• Р’Р•Р РҐРќРЇРЇ,1005,1005,1005,0,00,00,000,0010.030.0
36,FURN,227354,РЁРўР�Р¤Рў Р’Р•Р РҐРќР•Р™ РџР•РўР›Р� РќРђ Р РђРњР•,1005,1005,1005,0,00,00,000,0010.030.0
37,FURN,230205,Р”Р•Рљ.РќРђРљР›.Р’Р•РҐРќ.РџР•РўР›Р� РќРђ Р РђРњР•(Р‘Р•Р›РђРЇ),1009,1009,1009,0,00,00,000,0010.030.0
38,FURN,230252,Р”Р•Рљ.РќРђРљР›.Р’Р•РҐРќ.РџР•РўР›Р� РќРђ РЎРўР’РћР РљР•(Р‘Р•Р›РђРЇ),1009,1005,1009,0,00,00,000,0010.030.0
39,FURN,РЎР°РјРѕСЂРµР· 4С…40,РЎР°РјРѕСЂРµР· 4С…40,1005,1005,1005,0,00,00,000,0040.030.0
40,FURN,2091/8/35,Р СѓС‡РєР° РјРµС‚Р°Р»Р»РёС‡РµСЃРєР°СЏ СЃ РІРёРЅС‚Р°РјРё Р±РµР».,1009,1009,1009,0,00,00,000,0010.030.0
41,FURN,РЎР°РјРѕСЂРµР· 4С…25,РЎР°РјРѕСЂРµР· 4С…25,1005,1005,1005,0,00,00,000,0010.030.0
42,FURN,281638/A,РЎР Р•Р”РќР�Р™ РџР Р�Р–Р�Рњ Рљ Р РђРњРђ,1005,1005,1005,0,00,00,000,0010.030.0
43,FURN,208598,Р”Р•Рљ.РќРђРљ.РЎР Р•Р”Рќ.РџР Р�Р–Р�РњРђ Р РђРњРђ (Р‘Р•Р›РђРЇ),1009,1009,1009,0,00,00,000,0010.030.0
44,FURN,281639/A,РЎР Р•Р”РќР�Р™ РџР Р�Р–Р�Рњ Рљ РЎРўР’РћР РљРђ,1005,1005,1005,0,00,00,000,0010.030.0
45,FURN,208600,Р”Р•Рљ.РќРђРљ.РЎР Р•Р”Рќ.РџР Р�Р–Р�РњРђ РЎРўР’РћР РљРђ (Р‘Р•Р›РђРЇ),1009,1009,1009,0,00,00,000,0010.030.0
46,FURN,РЎР°РјРѕСЂРµР· 4С…40,РЎР°РјРѕСЂРµР· 4С…40,1005,1005,1005,0,00,00,000,0040.030.0
47,FURN,263183,РџРћР’.РџР•РўР›РЇ РќРђ РЎРўР’РћР РљР• (Р›Р•Р’РђРЇ) 12/20-9,1005,1005,1005,0,00,00,000,0010.030.0
48,FURN,331488,РЈР“Р›РћР’РђРЇ Р’РЎРўРђР’РљРђ РџР•РўР›Р� РќРђ РЎРўР’РћР РљР•,1005,1005,1005,0,00,00,000,0010.030.0
49,FURN,РЎР°РјРѕСЂРµР· 4С…25,РЎР°РјРѕСЂРµР· 4С…25,1005,1005,1005,0,00,00,000,0040.030.0
50,FURN,259720,РџРћР’.-РћРўРљР�Р”Рќ.Р—РђРџРћР  (Р¦Р•РќРўР )  801-1200(1E),1005,1005,1005,0,00,00,000,0010.030.0
51,FURN,РЎР°РјРѕСЂРµР· 4С…25,РЎР°РјРѕСЂРµР· 4С…25,1005,1005,1005,0,00,00,000,0030.030.0
52,FURN,443499,РћРўР’Р•РўРќРђРЇ РџР›РђРќРљРђ РљР’Р• AD,1005,1005,1005,0,00,00,000,0010.030.0
53,FURN,РЎР°РјРѕСЂРµР· 4С…30,РЎР°РјРѕСЂРµР· 4С…30,1005,1005,1005,0,00,00,000,0010.030.0
54,FURN,264603,РћР“Р РђРќР�Р§Р�РўР•Р›Р¬ РџРћР’РћР РћРўРђ Р РЈР§РљР� 90Р“Р .,1005,1005,1005,0,00,00,000,0010.030.0
55,FURN,260277,РЈР“Р›РћР’РћР™ РџР•Р Р•РљР›Р®Р§РђРўР•Р›Р¬ (1Р ),1005,1005,1005,0,00,00,000,0010.030.0
56,FURN,260277,РЈР“Р›РћР’РћР™ РџР•Р Р•РљР›Р®Р§РђРўР•Р›Р¬ (1Р ),1005,1005,1005,0,00,00,000,0010.030.0
57,FURN,РЎР°РјРѕСЂРµР· 4С…25,РЎР°РјРѕСЂРµР· 4С…25,1005,1005,1005,0,00,00,000,0080.030.0
58,FURN,443499,РћРўР’Р•РўРќРђРЇ РџР›РђРќРљРђ РљР’Р• AD,1005,1005,1005,0,00,00,000,0020.030.0
59,FURN,РЎР°РјРѕСЂРµР· 4С…30,РЎР°РјРѕСЂРµР· 4С…30,1005,1005,1005,0,00,00,000,0020.030.0
60,FURN,255280,РЎР Р•Р”РќР�Р™ Р—РђРџРћР  MV 400 (1Р•),1005,1005,1005,0,00,00,000,0010.030.0
61,FURN,443499,РћРўР’Р•РўРќРђРЇ РџР›РђРќРљРђ РљР’Р• AD,1005,1005,1005,0,00,00,000,0010.030.0
62,FURN,РЎР°РјРѕСЂРµР· 4С…30,РЎР°РјРѕСЂРµР· 4С…30,1005,1005,1005,0,00,00,000,0010.030.0
63,FURN,РЎР°РјРѕСЂРµР· 4С…25,РЎР°РјРѕСЂРµР· 4С…25,1005,1005,1005,0,00,00,000,0030.030.0
64,FURN,255280,РЎР Р•Р”РќР�Р™ Р—РђРџРћР  MV 400 (1Р•),1005,1005,1005,0,00,00,000,0010.030.0
65,FURN,443499,РћРўР’Р•РўРќРђРЇ РџР›РђРќРљРђ РљР’Р• AD,1005,1005,1005,0,00,00,000,0010.030.0
66,FURN,РЎР°РјРѕСЂРµР· 4С…30,РЎР°РјРѕСЂРµР· 4С…30,1005,1005,1005,0,00,00,000,0010.030.0
67,FURN,РЎР°РјРѕСЂРµР· 4С…25,РЎР°РјРѕСЂРµР· 4С…25,1005,1005,1005,0,00,00,000,0030.030.0
12,РџСЂР°РІР°СЏ,@917,РЎС‚РІРѕСЂРєР° СЃ СѓРїР»РѕС‚РЅРµРЅРёРµРј,1009,10009,1009,1236,077,045,0045,0011236.010.0
20,Р’РµСЂС…РЅСЏСЏ,34022-15001С…1,3,РђСЂРјРёСЂРѕРІР°РЅРёРµ СЂР°РјС‹ Рё СЃС‚РІРѕСЂРєРё Wintech/1.3,1005,1005,1005,692,00,090,0090,001692.010.0
21,РЎРћРЎРў,РЎР°РјРѕСЂ.3,9С…16 СЃ/СЃРІ,РЎР°РјРѕСЂРµР· 3,9С…16 СЃ Р±СѓСЂРѕРј,1005,1005,1005,0,00,00,000,0040.030.0
25,РЎРћР•Р”,228,РЈРїР»РѕС‚РЅРµРЅРёРµ РїСЂРёС‚РІРѕСЂРЅРѕРµ,6,6,6,1631,20,090,0090,0011631.1610.0
13,Р’РµСЂС…РЅСЏСЏ,@917,РЎС‚РІРѕСЂРєР° СЃ СѓРїР»РѕС‚РЅРµРЅРёРµРј,1009,10009,1009,836,077,045,0045,001836.010.0
22,РЎРћРЎРў,20110-08000,Р—Р°РіР»СѓС€РєР° РїР°Р·Р° Р±РµР»Р°СЏ,1009,1009,1009,816,00,090,0090,001816.010.0
23,РќРёР¶РЅСЏСЏ,34022-15001С…1,3,РђСЂРјРёСЂРѕРІР°РЅРёРµ СЂР°РјС‹ Рё СЃС‚РІРѕСЂРєРё Wintech/1.3,1005,1005,1005,692,00,090,0090,001692.010.0
24,РЎРћРЎРў,РЎР°РјРѕСЂ.3,9С…16 СЃ/СЃРІ,РЎР°РјРѕСЂРµР· 3,9С…16 СЃ Р±СѓСЂРѕРј,1005,1005,1005,0,00,00,000,0040.030.0
26,РЎРћР•Р”,228,РЈРїР»РѕС‚РЅРµРЅРёРµ РїСЂРёС‚РІРѕСЂРЅРѕРµ,6,6,6,1631,20,090,0090,0011631.1610.0
14,РќРёР¶РЅСЏСЏ,@917,РЎС‚РІРѕСЂРєР° СЃ СѓРїР»РѕС‚РЅРµРЅРёРµРј,1009,10009,1009,836,077,045,0045,001836.010.0
7,Р—РђРџ,171,РџРѕРґРєР»Р°РґРєР° РїРѕРґ СЃРї AD,6,6,6,0,00,00,000,0020.030.0
7,Р—РђРџ,171,РџРѕРґРєР»Р°РґРєР° РїРѕРґ СЃРї AD,6,6,6,0,00,00,000,0020.030.0
7,Р—РђРџ,171,РџРѕРґРєР»Р°РґРєР° РїРѕРґ СЃРї AD,6,6,6,0,00,00,000,0020.030.0
7,Р—РђРџ,171,РџРѕРґРєР»Р°РґРєР° РїРѕРґ СЃРї AD,6,6,6,0,00,00,000,0020.030.0
7,Р—РђРџ,PRL0014.06,РЁС‚Р°РїРёРє 8 РјРј,1009,1009,10009,716,025,545,0045,001716.010.0
7,Р—РђРџ,PRL0014.06,РЁС‚Р°РїРёРє 8 РјРј,1009,1009,10009,716,025,545,0045,001716.010.0
7,Р—РђРџ,PRL0014.06,РЁС‚Р°РїРёРє 8 РјРј,1009,1009,10009,1116,025,545,0045,0011116.010.0
7,Р—РђРџ,PRL0014.06,РЁС‚Р°РїРёРє 8 РјРј,1009,1009,10009,1116,025,545,0045,0011116.010.0
7,Р—РђРџ,254,РЈРїР»РѕС‚РЅРµРЅРёРµ 2 РјРј,6,6,6,716,010,045,0045,001716.010.0
7,Р—РђРџ,254,РЈРїР»РѕС‚РЅРµРЅРёРµ 2 РјРј,6,6,6,716,010,045,0045,001716.010.0
7,Р—РђРџ,254,РЈРїР»РѕС‚РЅРµРЅРёРµ 2 РјРј,6,6,6,1116,010,045,0045,0011116.010.0
7,Р—РђРџ,254,РЈРїР»РѕС‚РЅРµРЅРёРµ 2 РјРј,6,6,6,1116,010,045,0045,0011116.010.0
7,РџСЂСЏРјРѕСѓРіРѕР»СЊРЅРѕРµ,4x9x4x9x4,30 РЎС‚РµРєР»РѕРїР°РєРµС‚ РґРІСѓС…РєР°РјРµСЂРЅС‹Р№,9,9,9,705,01105,00,000,001705.020.0
